point_id,corner,temp_c,vdd_v,vcm_v,op_pass,vout_dc_v,vd1_dc_v,vd2_dc_v,vtail_dc_v,vibias_dc_v,ivdd_total_a,ivdd_signal_path_a,av0_db,gbw_hz,pm_deg,gm_status,gm_db,gm_freq_hz
mos_tt_-40C_1.08V,mos_tt,-40,1.08,0.54,1,0.524893,0.521811,0.322482,0.0676477,0.416365,0.000111765,0.000101765,42.9518,6.53961e+06,77.3489,measured,22.9246,6.37676e+07
mos_tt_-40C_1.20V,mos_tt,-40,1.20,0.6,1,0.586646,0.624877,0.4391,0.120022,0.416365,0.000115741,0.000105741,43.3075,5.99456e+06,78.5008,measured,23.9073,6.42205e+07
mos_tt_-40C_1.32V,mos_tt,-40,1.32,0.66,1,0.647645,0.738431,0.555922,0.176119,0.416365,0.000118823,0.000108823,44.1047,6.07229e+06,78.4301,measured,23.9452,6.47745e+07
mos_tt_27C_1.08V,mos_tt,27,1.08,0.54,1,0.52274,0.520249,0.329542,0.100839,0.38896,0.000106472,9.647200000000001e-05,41.1429,5.7327e+06,77.2052,measured,22.7848,5.46025e+07
mos_tt_27C_1.20V,mos_tt,27,1.20,0.6,1,0.584517,0.627734,0.446078,0.155621,0.38896,0.0001097,9.97e-05,41.9502,5.48298e+06,77.8348,measured,23.3608,5.49938e+07
mos_tt_27C_1.32V,mos_tt,27,1.32,0.66,1,0.645751,0.741299,0.562809,0.212433,0.38896,0.000112406,0.000102406,42.9937,5.60413e+06,77.6406,measured,23.3078,5.55179e+07
mos_tt_125C_1.08V,mos_tt,125,1.08,0.54,1,0.519817,0.539019,0.361891,0.157937,0.345256,0.00010081,9.081e-05,38.9343,4.84186e+06,77.1139,measured,22.626,4.50394e+07
mos_tt_125C_1.20V,mos_tt,125,1.20,0.6,1,0.581823,0.649466,0.478411,0.214627,0.345256,0.00010336,9.336e-05,40.2618,4.83543e+06,77.1441,measured,22.7902,4.53884e+07
mos_tt_125C_1.32V,mos_tt,125,1.32,0.66,1,0.643354,0.763174,0.595129,0.272288,0.345256,0.000105612,9.5612e-05,41.4882,4.9611e+06,76.8526,measured,22.69,4.58036e+07
mos_ss_-40C_1.08V,mos_ss,-40,1.08,0.54,1,0.523997,0.516238,0.27225,0.0320171,0.465627,0.00011059,0.00010059,44.3232,6.01975e+06,78.5256,measured,23.7354,6.4663e+07
mos_ss_-40C_1.20V,mos_ss,-40,1.20,0.6,1,0.58706,0.593222,0.388812,0.074807,0.465627,0.000116044,0.000106044,44.9894,6.60979e+06,77.5392,measured,23.1696,6.61047e+07
mos_ss_-40C_1.32V,mos_ss,-40,1.32,0.66,1,0.648348,0.699492,0.505657,0.128283,0.465627,0.000119655,0.000109655,45.1965,6.07897e+06,78.6369,measured,24.1154,6.64788e+07
mos_ss_27C_1.08V,mos_ss,27,1.08,0.54,1,0.521838,0.502861,0.277473,0.0580756,0.438845,0.000105395,9.5395e-05,42.2749,5.89758e+06,76.9094,measured,22.5499,5.51895e+07
mos_ss_27C_1.20V,mos_ss,27,1.20,0.6,1,0.584796,0.592136,0.393926,0.1066,0.438845,0.000109687,9.9687e-05,43.047,5.77924e+06,77.2847,measured,22.9618,5.59697e+07
mos_ss_27C_1.32V,mos_ss,27,1.32,0.66,1,0.646242,0.701043,0.510655,0.161711,0.438845,0.000112698,0.000102698,43.7571,5.56402e+06,77.8443,measured,23.4702,5.63522e+07
mos_ss_125C_1.08V,mos_ss,125,1.08,0.54,1,0.519078,0.508919,0.307583,0.109045,0.395788,9.98521E-05,8.98521e-05,39.711,5.07212e+06,76.4573,measured,22.1651,4.52089e+07
mos_ss_125C_1.20V,mos_ss,125,1.20,0.6,1,0.581861,0.609818,0.42401,0.162492,0.395788,0.000102937,9.2937e-05,40.8965,4.90388e+06,76.943,measured,22.6524,4.55852e+07
mos_ss_125C_1.32V,mos_ss,125,1.32,0.66,1,0.643545,0.72075,0.540689,0.219058,0.395788,0.000105347,9.534700000000001e-05,41.9971,4.89846e+06,77.0005,measured,22.804,4.59317e+07
mos_ff_-40C_1.08V,mos_ff,-40,1.08,0.54,1,0.526122,0.5544,0.376318,0.11195,0.368739,0.000111806,0.00010180600000000001,42.2866,6.10246e+06,78.0549,measured,23.5096,6.26202e+07
mos_ff_-40C_1.20V,mos_ff,-40,1.20,0.6,1,0.587154,0.667411,0.492996,0.16793,0.368739,0.000115032,0.000105032,43.0893,6.1053e+06,78.1324,measured,23.6688,6.31522e+07
mos_ff_-40C_1.32V,mos_ff,-40,1.32,0.66,1,0.648044,0.78222,0.60983,0.224565,0.368739,0.000118012,0.000108012,44.1351,6.32076e+06,77.8101,measured,23.5023,6.38797e+07
mos_ff_27C_1.08V,mos_ff,27,1.08,0.54,1,0.523986,0.558578,0.384829,0.147456,0.341318,0.000106637,9.6637e-05,40.9227,5.55222e+06,77.5439,measured,23.0825,5.4062e+07
mos_ff_27C_1.20V,mos_ff,27,1.20,0.6,1,0.585237,0.671846,0.501444,0.204243,0.341318,0.000109456,9.9456e-05,41.9981,5.63993e+06,77.4179,measured,23.0948,5.45913e+07
mos_ff_27C_1.32V,mos_ff,27,1.32,0.66,1,0.646345,0.786506,0.61822,0.261497,0.341318,0.000112079,0.000102079,43.1373,5.82973e+06,77.0475,measured,22.9342,5.5188e+07
mos_ff_125C_1.08V,mos_ff,125,1.08,0.54,1,0.521204,0.582242,0.41882,0.206157,0.297521,0.000101293,9.1293e-05,39.0791,4.87388e+06,77.0532,measured,22.6399,4.50738e+07
mos_ff_125C_1.20V,mos_ff,125,1.20,0.6,1,0.582813,0.695818,0.535444,0.26389,0.297521,0.00010364,9.364e-05,40.4597,4.99669e+06,76.7533,measured,22.5574,4.54995e+07
mos_ff_125C_1.32V,mos_ff,125,1.32,0.66,1,0.644187,0.810513,0.652241,0.321914,0.297521,0.000105824,9.5824e-05,41.6923,5.15194e+06,76.3643,measured,22.4077,4.59424e+07
mos_sf_-40C_1.08V,mos_sf,-40,1.08,0.54,1,0.525604,0.562576,0.347276,0.0506921,0.440982,0.000111494,0.000101494,44.0231,6.62333e+06,77.1361,measured,22.8027,6.3757e+07
mos_sf_-40C_1.20V,mos_sf,-40,1.20,0.6,1,0.587706,0.656243,0.463879,0.0994322,0.440982,0.000116085,0.000106085,44.3623,6.2275e+06,78.0324,measured,23.5822,6.45356e+07
mos_sf_-40C_1.32V,mos_sf,-40,1.32,0.66,1,0.648689,0.768089,0.580713,0.154673,0.440982,0.000119295,0.000109295,44.8811,6.09685e+06,78.3581,measured,23.9368,6.49373e+07
mos_sf_27C_1.08V,mos_sf,27,1.08,0.54,1,0.523733,0.557889,0.35556,0.0816465,0.41388,0.000106245,9.6245e-05,42.1969,5.9596e+06,76.6532,measured,22.454,5.48107e+07
mos_sf_27C_1.20V,mos_sf,27,1.20,0.6,1,0.585747,0.659714,0.472096,0.134175,0.41388,0.000109837,9.9837e-05,42.9077,5.60723e+06,77.5487,measured,23.1975,5.52676e+07
mos_sf_27C_1.32V,mos_sf,27,1.32,0.66,1,0.646931,0.772217,0.58885,0.190293,0.41388,0.000112613,0.000102613,43.8668,5.63469e+06,77.5587,measured,23.3022,5.57199e+07
mos_sf_125C_1.08V,mos_sf,125,1.08,0.54,1,0.521262,0.574578,0.389558,0.137577,0.370492,0.000100557,9.055700000000001e-05,40.1002,5.00546e+06,76.6442,measured,22.3731,4.52864e+07
mos_sf_125C_1.20V,mos_sf,125,1.20,0.6,1,0.583261,0.682485,0.506103,0.192944,0.370492,0.000103255,9.3255e-05,41.254,4.90965e+06,76.931,measured,22.708,4.56223e+07
mos_sf_125C_1.32V,mos_sf,125,1.32,0.66,1,0.64469,0.795566,0.622849,0.249961,0.370492,0.000105543,9.5543e-05,42.4409,5.00242e+06,76.7385,measured,22.6726,4.60145e+07
mos_fs_-40C_1.08V,mos_fs,-40,1.08,0.54,1,0.524745,0.487601,0.299539,0.0859062,0.392554,0.000111804,0.000101804,42.3964,6.32844e+06,77.846,measured,23.2694,6.39108e+07
mos_fs_-40C_1.20V,mos_fs,-40,1.20,0.6,1,0.586109,0.596679,0.416199,0.140642,0.392554,0.000115338,0.000105338,42.849,5.97556e+06,78.5987,measured,23.9656,6.42982e+07
mos_fs_-40C_1.32V,mos_fs,-40,1.32,0.66,1,0.647081,0.710969,0.533036,0.197226,0.392554,0.00011836,0.00010836,43.7358,6.14081e+06,78.3668,measured,23.8693,6.49718e+07
mos_fs_27C_1.08V,mos_fs,27,1.08,0.54,1,0.522254,0.487711,0.305177,0.119684,0.365141,0.000106512,9.6512e-05,40.5203,5.57669e+06,77.6147,measured,23.0457,5.45396e+07
mos_fs_27C_1.20V,mos_fs,27,1.20,0.6,1,0.583814,0.598461,0.421734,0.175858,0.365141,0.000109512,9.9512e-05,41.4537,5.4864e+06,77.8682,measured,23.3559,5.49712e+07
mos_fs_27C_1.32V,mos_fs,27,1.32,0.66,1,0.645039,0.712555,0.538471,0.233128,0.365141,0.000112177,0.000102177,42.5067,5.64524e+06,77.5906,measured,23.2401,5.55453e+07
mos_fs_125C_1.08V,mos_fs,125,1.08,0.54,1,0.518652,0.506917,0.335611,0.176269,0.321384,0.000100948,9.0948e-05,37.7812,4.74216e+06,77.4724,measured,22.7886,4.49342e+07
mos_fs_125C_1.20V,mos_fs,125,1.20,0.6,1,0.58084,0.618813,0.452113,0.234003,0.321384,0.000103412,9.3412e-05,39.5684,4.82635e+06,77.2013,measured,22.7791,4.52872e+07
mos_fs_125C_1.32V,mos_fs,125,1.32,0.66,1,0.642442,0.732888,0.568822,0.292175,0.321384,0.000105639,9.5639e-05,40.8674,4.96996e+06,76.8517,measured,22.6448,4.57139e+07
